UserID,DateTime,Password
xczxczxc,1626896845826,o9BnjeayPd
fasfas,1626896872224,By1cDb3OHt
gfdgfd,1626896803597,bVUdIXeYwK
gasga,1626897204981,CSJyqV54AA
klkllk,1626897233710,f5yvPf75si
oihniih,1626897214995,KaTZwoHPLx
hdfhdf,1626897217133,zyIjkpzKji
hfdhf,1626897218439,pOWq8zcNw8
hfdhfdhffdhdhf,1626897219898,OAwWWg2G9x
hfdhfdhffdhdhfdfhfdhhdf,1626897220855,zMSbGfQTft
hfdhfdhffdhdhfdfhfdhhdfjdfjdj,1626897222584,BQGWV8kZdT
fasfasf,1626897466233,mx2Dazc71S
fgdgfddfg,1626897471471,rjFOp9vzdf
jgnfjfjfjjfg,1626897484031,KuO3bEozeO
fsafasf,1626897567091,KDbcISfOHx
